first_name,last_name,email,location,age
Jacqueline,Payle,jpayle0@reddit.com,Croix,25
Carley,Upston,cupston1@nyu.edu,Grugul,18
Bradley,Gorch,bgorch2@sun.com,Taoyuan,34
Gilemette,Connew,gconnew3@wp.com,Ccatca,45
Casar,Geist,cgeist4@hibu.com,Tenja,60
Rona,Pedder,rpedder5@sakura.ne.jp,Alcáçovas,45
Myrwyn,Lemary,mlemary6@blinklist.com,Baş Göynük,25
Wilow,Petters,wpetters7@tinypic.com,Fucheng,18
Alisun,Boatright,aboatright8@independent.co.uk,Gémeos,34
Perry,Rossin,prossin9@illinois.edu,Calsib,20
Rodolphe,Odda,roddaa@statcounter.com,Lyasny,37
Fedora,Scatchard,fscatchardb@ifeng.com,Oslo,35
Charmane,California,ccaliforniac@businessweek.com,Ágios Vasíleios,45
Salim,Kime,skimed@marriott.com,Shuishaping,56
Lorrie,Redmond,lredmonde@pinterest.com,Hägersten,30
Gal,Frugier,gfrugierf@sbwire.com,Imeni Babushkina,23
Alyosha,Worsell,aworsellg@theatlantic.com,Bergen,30
Rafael,Dewhirst,rdewhirsth@gmpg.org,Senj,18
Romona,Sleit,rsleiti@dmoz.org,Sarbīsheh,23
Leora,McCullough,lmcculloughj@cnn.com,Perm,34
