first_name,last_name,email,location
Jacqueline,Payle,jpayle0@reddit.com,Croix
Carley,Upston,cupston1@nyu.edu,Grugul
Bradley,Gorch,bgorch2@sun.com,Taoyuan
Gilemette,Connew,gconnew3@wp.com,Ccatca
Casar,Geist,cgeist4@hibu.com,Tenja
Rona,Pedder,rpedder5@sakura.ne.jp,Alcáçovas
Myrwyn,Lemary,mlemary6@blinklist.com,Baş Göynük
Wilow,Petters,wpetters7@tinypic.com,Fucheng
Alisun,Boatright,aboatright8@independent.co.uk,Gémeos
Perry,Rossin,prossin9@illinois.edu,Calsib
Rodolphe,Odda,roddaa@statcounter.com,Lyasny
Fedora,Scatchard,fscatchardb@ifeng.com,Oslo
Charmane,California,ccaliforniac@businessweek.com,Ágios Vasíleios
Salim,Kime,skimed@marriott.com,Shuishaping
Lorrie,Redmond,lredmonde@pinterest.com,Hägersten
Gal,Frugier,gfrugierf@sbwire.com,Imeni Babushkina
Alyosha,Worsell,aworsellg@theatlantic.com,Bergen
Rafael,Dewhirst,rdewhirsth@gmpg.org,Senj
Romona,Sleit,rsleiti@dmoz.org,Sarbīsheh
Leora,McCullough,lmcculloughj@cnn.com,Perm
